0,announcements
1,funny
2,askreddit
3,todayilearned
4,science
5,worldnews
6,pics
7,iama
8,gaming
9,videos
10,movies
11,aww
12,music
13,blog
14,gifs
15,news
16,explainlikeimfive
17,askscience
18,earthporn
19,books
20,television
21,mildlyinteresting
22,lifeprotips
23,showerthoughts
24,space
25,DIY
26,jokes
27,gadgets
28,nottheonion
29,sports
30,tifu
31,food
32,photoshopbattles
33,documentaries
34,futurology
35,history
36,internetisbeautiful
37,dataisbeautiful
38,upliftingnews
39,listentothis
40,getmotivated
41,personalfinance
42,oldschoolcool
43,philosophy
44,art
45,nosleep
46,writingprompts
47,twoxchromosomes
48,creepy
49,fitness
